Nom de l'entreprise,Lien
OFFICE CHERIFIEN DES PHOSPHATES,societe-office-cherifien-des-phosphates-57215
SOCIETE AFRIQUIA MAROCAINE DE DISTRIBUTION DE CARBURANTS,societe-societe-afriquia-marocaine-de-distribution-de-carburants-66678
TOTALENERGIES MARKETING MAROC,societe-totalenergies-marketing-maroc-4047
MARJANE HOLDING,societe-marjane-holding-48743
VIVO ENERGY MAROC,societe-vivo-energy-maroc-2833
SOCIETE MAROCAINE DES TABACS,societe-societe-marocaine-des-tabacs-61178
CIE SUCRIERE MAROCAINE ET DE RAFFINAGE,societe-cie-sucriere-marocaine-et-de-raffinage-59680
LAFARGEHOLCIM MAROC,societe-lafargeholcim-maroc-55049
PETROLES DU MAGHREB,societe-petroles-du-maghreb-6923
LABEL'VIE,societe-label-vie-14282
AFRIQUIA GAZ,societe-afriquia-gaz-48255
SAMSUNG ELECTRONICS MAGHREB ARAB,societe-samsung-electronics-maghreb-arab-281965
EMIRATIE-MAROCAINE POUR L'INDUSTRIE ET LA DISTRIBUTION,societe-emiratie-marocaine-pour-l-industrie-et-la-distribution-374421
CENTRALE DANONE,societe-centrale-danone-1115
SAFI ENERGY COMPANY,societe-safi-energy-company-373089
TAQA MOROCCO,societe-taqa-morocco-82895
SOCIETE MAROCAINE DES CARBURANTS ZIZ,societe-societe-marocaine-des-carburants-ziz-58760
MOBILE OIL MAROC,societe-mobile-oil-maroc-959
LESIEUR CRISTAL,societe-lesieur-cristal-7070
MAXI LV,societe-maxi-lv-319935
NORTH AFRICA TOBACCO COMPANY,societe-north-africa-tobacco-company-286103
REDAL,societe-redal-96524
WINXO,societe-winxo-65952
SEWS MAROC,societe-sews-maroc-194246
AMENDIS,societe-amendis-123194
CIMENTS DU MAROC,societe-ciments-du-maroc-41140
AUTO HALL,societe-auto-hall-4139
SOCIETE GENERALE DES TRAVAUX DU MAROC,societe-societe-generale-des-travaux-du-maroc-59645
ALF SAHEL,societe-alf-sahel-101734
OFFICE NATIONAL DES CHEMINS DE FER,societe-office-national-des-chemins-de-fer-16451
MAGHREB STEEL,societe-maghreb-steel-61886
HYPERMARCHE LV,societe-hypermarche-lv-262726
TE CONNECTIVITY MOROCCO,societe-te-connectivity-morocco-316184
STE DE PROMOTION INDUSTRIELLE ET AUTOMOBILE AU MAROC,societe-ste-de-promotion-industrielle-et-automobile-au-maroc-63062
SOCIETE NATIONALE DES AUTOROUTES DU MAROC,societe-societe-nationale-des-autoroutes-du-maroc-10886
LES HUILERIES DU SOUSS BEL HASSAN,societe-les-huileries-du-souss-bel-hassan-93280
SOCIETE D'EXPLOITATION DES PORTS,societe-societe-d-exploitation-des-ports-183725
AUTO NEJMA MAROC,societe-auto-nejma-maroc-62079
ACIMA,societe-acima-552
SEWS CABIND MAROC,societe-sews-cabind-maroc-114619
RIVA INDUSTRIE,societe-riva-industrie-307057
TRAVAUX GENERAUX DE CONSTRUCTIONS DE CASABLANCA,societe-travaux-generaux-de-constructions-de-casablanca-47993
GLOBAL ENGINES,societe-global-engines-103829
CANAL FOOD,societe-canal-food-162763
SOCIETE DES BOISSONS DU MAROC,societe-societe-des-boissons-du-maroc-1999
YAZAKI MOROCCO,societe-yazaki-morocco-135292
TANGER MED PORT AUTHORITY,societe-tanger-med-port-authority-264348
STE MEDITERRANEENNE POUR L'INDUSTRIE AUTOMOBILE,societe-ste-mediterraneenne-pour-l-industrie-automobile-56689
CEGELEC,societe-cegelec-6882
SOCIETE DE THERAPEUTIQUE MAROCAINE,societe-societe-de-therapeutique-marocaine-60675
ZINE CEREALES,societe-zine-cereales-290224
LA MAROCAINE DE DISTRIBUTION ET DE LOGISTIQUE,societe-la-marocaine-de-distribution-et-de-logistique-140449
SAFRAN AIRCRAFT ENGINE SERVICES MOROCCO,societe-safran-aircraft-engine-services-morocco-99600
IMACAB,societe-imacab-102321
JESA INTERNATIONAL,societe-jesa-international-468341
JESA,societe-jesa-281985
EURO MAROC PHOSPHORE,societe-euro-maroc-phosphore-79558
SOCIETE CENTRALE DES BOISSONS GAZEUSES,societe-societe-centrale-des-boissons-gazeuses-106478
LES GRANDS TRAVAUX ROUTIERS,societe-les-grands-travaux-routiers-167343
DIGIBAY,societe-digibay-232712
FOOD & GOODS DISTRIBUTION,societe-food-goods-distribution-187198
SOCIETE DE TRAVAUX AGRICOLES MAROCAINS,societe-societe-de-travaux-agricoles-marocains-46946
TECTRA,societe-tectra-127256
DISWAY,societe-disway-61038
NESTLE MAROC,societe-nestle-maroc-23784
AIR ARABIA MAROC,societe-air-arabia-maroc-234211
GROUPE PALMERAIE DEVELOPPEMENT,societe-groupe-palmeraie-developpement-6412
PHOSPHATES DE BOUCRAA,societe-phosphates-de-boucraa-16069
SAFRAN NACELLES MOROCCO,societe-safran-nacelles-morocco-157304
ENERGIE EOLIENNE DU MAROC,societe-energie-eolienne-du-maroc-298164
STE FRERES ASSAKOUR,societe-ste-freres-assakour-59451
GAZAFRIC,societe-gazafric-30511
GREEN OIL,societe-green-oil-265622
JET CONTRACTORS,societe-jet-contractors-115564
EVIOSYS PACKAGING MAROC,societe-eviosys-packaging-maroc-8349
SANOFI-AVENTIS MAROC,societe-sanofi-aventis-maroc-65467
LEONI WIRING SYSTEMS BOUSKOURA,societe-leoni-wiring-systems-bouskoura-61095
EBERTEC,societe-ebertec-6765
BONTAZ CENTRE MAROC,societe-bontaz-centre-maroc-315486
GROMIC,societe-gromic-42410
MAJOREL MOROCCO,societe-majorel-morocco-237337
NADOR CEREALES,societe-nador-cereales-109725
LC WAIKIKI RETAIL MA,societe-lc-waikiki-retail-ma-342751
LABORATOIRES DE PRODUITS PHARMACEUTIQUE D'AFRIQUE DU NORD,societe-laboratoires-de-produits-pharmaceutique-d-afrique-du-nord-3148
ASMENT DE TEMARA,societe-asment-de-temara-18643
ASMENT DE TEMARA,societe-asment-de-temara-18643
BOTTU,societe-bottu-64653
INTELCIA MAROC,societe-intelcia-maroc-109983
SE BORDNETZE MOROCCO,societe-se-bordnetze-morocco-115494
IZDA,societe-izda-181970
COMPAGNIE DE BOISSONS MAROCAINES ET INTERNATIONALES,societe-compagnie-de-boissons-marocaines-et-internationales-99861
MAROCAINE D'ENERGIE DE LUBRIFICATION ET DE SERVICES PETROLIERS,societe-marocaine-d-energie-de-lubrification-et-de-services-petroliers-54674
SAFRAN ELECTRICAL & POWER MOROCCO,societe-safran-electrical-power-morocco-173099
SOCIETE MAROCAINE METALLURGIQUE SOCODAM DAVUM,societe-societe-marocaine-metallurgique-socodam-davum-883
FETTAH D'ALIMENTATION,societe-fettah-d-alimentation-303598
NOVATIS,societe-novatis-138405
TOYOTA DU MAROC,societe-toyota-du-maroc-71158
STE PLASTIMA,societe-ste-plastima-82163
STOCK-PRALIM,societe-stock-pralim-28037
SAVOLA MOROCCO,societe-savola-morocco-129114
VIVO ENERGY AFRICA SERVICES,societe-vivo-energy-africa-services-381218
SOCIETE NATIONALE D'ELECTROLYSE ET DE PETROCHIMIE,societe-societe-nationale-d-electrolyse-et-de-petrochimie-90920
LES GRANDS MOULINS ZINE,societe-les-grands-moulins-zine-235413
CONSTRUCTION MANAGEMENT SERVICES,societe-construction-management-services-231498
GROUPE MOJAZINE,societe-groupe-mojazine-126703
INGELEC,societe-ingelec-62818
EXCELISSIA,societe-excelissia-842956
SOCIETE MAROCAINE DE L'AUTOMOBILE ALLEMANDE,societe-societe-marocaine-de-l-automobile-allemande-84845
LABORATOIRES PHARMA 5,societe-laboratoires-pharma-5-58010
LABORATOIRES PHARMA 5,societe-laboratoires-pharma-5-58010
SOGEA MAROC,societe-sogea-maroc-98336
ENTREPRISE HOUAR,societe-entreprise-houar-21565
SOCIETE PHARMACEUTIQUE DE REPARTITION ET LOGISTIQUE,societe-societe-pharmaceutique-de-repartition-et-logistique-81045
OULD BOUAZZA,societe-ould-bouazza-28492
SOCIETE METALLURGIQUE D'IMITER,societe-societe-metallurgique-d-imiter-90045
SUPER FOODS,societe-super-foods-86550
LA GROSSISTERIE PHARMACEUTIQUE DU MAROC,societe-la-grossisterie-pharmaceutique-du-maroc-164095
STE COMPTOIR AGRICOLE DU SOUSS,societe-ste-comptoir-agricole-du-souss-96983
MENARA PREFA,societe-menara-prefa-144018
MOBILE COM,societe-mobile-com-103037
SOCIETE DE REPARTITION DE MEDICAMENT,societe-societe-de-repartition-de-medicament-110942
TARFAYA ENERGY COMPANY,societe-tarfaya-energy-company-331946
DIKA MOROCCO AFRICA,societe-dika-morocco-africa-766313
NEWREST MAROC SERVICES,societe-newrest-maroc-services-54671
SICOTEL DISTRIBUTION,societe-sicotel-distribution-191417
COMPAGNIE MINIERE DES GUEMASSA,societe-compagnie-miniere-des-guemassa-59374
NEXTEER AUTOMOTIVE MOROCCO,societe-nexteer-automotive-morocco-735626
BELHASSAN COMPLEXE INDUSTRIEL ET COMMERCIAL,societe-belhassan-complexe-industriel-et-commercial-76692
ALUMINIUM DU MAROC,societe-aluminium-du-maroc-37560
GROUPE DES SUCRERIES NATIONALES DE BETTERAVE DU GHARB ET DU LOUKKOS,societe-groupe-des-sucreries-nationales-de-betterave-du-gharb-et-du-loukkos-112596
ACWA POWER OUARZAZATE,societe-acwa-power-ouarzazate-349790
ACWA POWER OUARZAZATE,societe-acwa-power-ouarzazate-349790
COMPAGNIE MAROCAINE DE GOUTTE A GOUTTE ET DE POMPAGE,societe-compagnie-marocaine-de-goutte-a-goutte-et-de-pompage-72740
STE DE RECHERCHES ET D'EXPLOITATIONS INDUSTRIELLES,societe-ste-de-recherches-et-d-exploitations-industrielles-59199
UNIMER,societe-unimer-82132
SOCIETE CONSORTIUM PHARMACEUTIQUE DE REPARTITION,societe-societe-consortium-pharmaceutique-de-repartition-243019
BELLA TAWZIAA,societe-bella-tawziaa-326992
STE DE GESTION DE LA LOTERIE NATIONALE MAROCAINE,societe-ste-de-gestion-de-la-loterie-nationale-marocaine-62247
TRACTAFRIC EQUIPMENT MAROC,societe-tractafric-equipment-maroc-83421
DAMANDIS,societe-damandis-86356
FIRST TELECOM,societe-first-telecom-101530
RITA FER,societe-rita-fer-151951
SOMASTEEL,societe-somasteel-193964
COMPAGNIE DES BOISSONS GAZEUSES DU SUD,societe-compagnie-des-boissons-gazeuses-du-sud-6113
ST MICRO ELECTRONICS SAS MAROC,societe-st-micro-electronics-sas-maroc-66355
UNI CONFORT MAROC DOLIDOL,societe-uni-confort-maroc-dolidol-62258
SHELL ET VIVO LUBRIFIANTS DU MAROC,societe-shell-et-vivo-lubrifiants-du-maroc-400976
RIVERA METAL,societe-rivera-metal-252479
SOCIETE MAGHREBIENNE DE GENIE CIVIL,societe-societe-maghrebienne-de-genie-civil-59514
PRIMEURS ET QUALITE,societe-primeurs-et-qualite-131090
MICRO DATA,societe-micro-data-171586
DYNACOME,societe-dynacome-120151
RICHBOND,societe-richbond-59578
COPRALIM,societe-copralim-41640
AB GAZ,societe-ab-gaz-92456
DALIA COMMODITIES EXCHANGE,societe-dalia-commodities-exchange-290523
GOCOM,societe-gocom-178628
BODOR MILLS,societe-bodor-mills-154069
DARI COUSPATE,societe-dari-couspate-78189
ZIZ GAZ,societe-ziz-gaz-208349
SOCIETE NOUVELLE EDDIK,societe-societe-nouvelle-eddik-282094
KITEA,societe-kitea-45150
FIRST REST INTERNATIONAL,societe-first-rest-international-81451
CAPGEMINI TECHNOLOGY SERVICES MAROC,societe-capgemini-technology-services-maroc-200549
MAROC MODIS,societe-maroc-modis-26725
SOCIETE D'EMPLISSAGE DE GAZ DE BERRECHID,societe-societe-d-emplissage-de-gaz-de-berrechid-94160
DHL EXPRESS MAROC,societe-dhl-express-maroc-56897
TENOR DISTRIB,societe-tenor-distrib-173935
MAROC FER,societe-maroc-fer-62748
ABDA CEREALES,societe-abda-cereales-96155
ATLAS NORD HYDROCARBURES,societe-atlas-nord-hydrocarbures-807600
BIOUI TRAVAUX,societe-bioui-travaux-108383
KENZ MAROC,societe-kenz-maroc-13641
MONDELEZ MAROC,societe-mondelez-maroc-59744
ETS HAKAM FRERES,societe-ets-hakam-freres-14979
COMPAGNIE GENERALE IMMOBILIERE,societe-compagnie-generale-immobiliere-16191
PROMOTION PHARMACEUTIQUE DU MAGHREB,societe-promotion-pharmaceutique-du-maghreb-95625
LONGOFER,societe-longofer-83761
ZENITH PHARMA,societe-zenith-pharma-209433
DELICES VIANDE,societe-delices-viande-149572
SOCIETE NOUVELLE DE VOLAILLES,societe-societe-nouvelle-de-volailles-16150
CANPACK MOROCCO,societe-canpack-morocco-264190
MOONY,societe-moony-352313
VENTEC,societe-ventec-70625
ROCHE,societe-roche-65250
PHARMACEUTICAL INSTITUTE,societe-pharmaceutical-institute-83645
TERMINAL A CONTENEURS 3 DU PORT DE CASABLANCA,societe-terminal-a-conteneurs-3-du-port-de-casablanca-375823
AL OMRANE SOUSS MASSA,societe-al-omrane-souss-massa-197767
LES CELLIERS DE MEKNES,societe-les-celliers-de-meknes-27966
MANUFACTURE NATIONALE POUR LA REFRIGERATION ET L'ELECTRONIQUE,societe-manufacture-nationale-pour-la-refrigeration-et-l-electronique-42774
SOCIETE D'INDUSTRIE DU LAIT ET SES DERIVES D'AGADIR,societe-societe-d-industrie-du-lait-et-ses-derives-d-agadir-101893
STE ALD AUTOMOTIVE,societe-ste-ald-automotive-109053
SOCIETE D'EXPLOITATION DE VERRERIES AU MAROC,societe-societe-d-exploitation-de-verreries-au-maroc-4669
SUPER AUTO DISTRIBUTION,societe-super-auto-distribution-10350
VCR-SODALMU,societe-vcr-sodalmu-60934
MAROC FRUIT BOARD,societe-maroc-fruit-board-111787
BABY FOOD MAGHREB,societe-baby-food-maghreb-74460
ATLAS VEHICULES INDUSTRIELS,societe-atlas-vehicules-industriels-42312
VITAL FER,societe-vital-fer-201660
GROUPE 4 SECURICOR,societe-groupe-4-securicor-70467
STE MAROCAINE DES PETROLES,societe-ste-marocaine-des-petroles-57390
GDIRAGRI,societe-gdiragri-152450
NOUVELLE AVEIRO MAROC,societe-nouvelle-aveiro-maroc-34601
SYH MOROCCO,societe-syh-morocco-402655
ALF MABROUK,societe-alf-mabrouk-323574
IBM MAROC,societe-ibm-maroc-42427
OMNIUM MAROCAIN DE PECHE FLOTTE,societe-omnium-marocain-de-peche-flotte-110237
SOMACHAME,societe-somachame-57198
NAFTAM,societe-naftam-161190
SOURCE CHIMIQUES,societe-source-chimiques-265295
UNION GENERALE DES PARTENARIATS PHARMACEUTIQUES,societe-union-generale-des-partenariats-pharmaceutiques-60949
BEST BISCUITS MAROC,societe-best-biscuits-maroc-281487
AKKA GOLD MINING,societe-akka-gold-mining-551
LABORATOIRES PFIZER,societe-laboratoires-pfizer-71033
NGE CONTRACTING,societe-nge-contracting-88033
SOCIETE INTERNATIONALE DES TRAVAUX MAROC,societe-societe-internationale-des-travaux-maroc-131552
GIL COMES,societe-gil-comes-126038
KROMBERG & SCHUBERT MAROC,societe-kromberg-schubert-maroc-447245
MAROC DINDE,societe-maroc-dinde-115691
FUTUR FER,societe-futur-fer-148256
HUAWEI TECHNOLOGIES MOROCCO,societe-huawei-technologies-morocco-185837
ROBERT BOSCH MOROCCO,societe-robert-bosch-morocco-480215
ROBERT BOSCH MOROCCO,societe-robert-bosch-morocco-480215
SUD CONCESSION AUTOMOBILE,societe-sud-concession-automobile-102892
CEMA BOIS DE L'ATLAS,societe-cema-bois-de-l-atlas-72133
NOUVELLE COMPAGNIE ROYALE D'AUTOMOBILES,societe-nouvelle-compagnie-royale-d-automobiles-2275
LABORATOIRE PUBLIC D'ESSAIS ET D'ETUDES,societe-laboratoire-public-d-essais-et-d-etudes-62932
NOVARTIS PHARMA MAROC,societe-novartis-pharma-maroc-62422
RAHMOUNI AUTO SERVICES,societe-rahmouni-auto-services-122688
LES GRANDS MOULINS ATLANTIC,societe-les-grands-moulins-atlantic-166936
FOODIPEX,societe-foodipex-124893
BLUE FARM,societe-blue-farm-391118
LES GRANDS MOULINS DU TENSIFT,societe-les-grands-moulins-du-tensift-125909
COLORADO,societe-colorado-59775
MAROCAINE DES THES ET INFUSIONS,societe-marocaine-des-thes-et-infusions-164644
LESAFFRE-MAROC,societe-lesaffre-maroc-26595
RYAD AUTO,societe-ryad-auto-60291
SOSMAJED,societe-sosmajed-200601
DALIA CORPAGRO,societe-dalia-corpagro-116761
ABATTOIRS SAHEL,societe-abattoirs-sahel-368662
CMA CGM MAROC,societe-cma-cgm-maroc-125631
AL OMRANE FES MEKNES,societe-al-omrane-fes-meknes-197755
DIJLA FER,societe-dijla-fer-153195
BEST MILK,societe-best-milk-168118
MAGHREB GAZ,societe-maghreb-gaz-63211
MAZARIA,societe-mazaria-164716
ENTREPRISE BENELHOU FRERES,societe-entreprise-benelhou-freres-120885
BOURCHANIN & CIE,societe-bourchanin-cie-4594
QUALITY BEAN MOROCCO,societe-quality-bean-morocco-165714
VARUN BEVERAGES MOROCCO,societe-varun-beverages-morocco-289982
DOUJA PROMOTION GROUPE ADDOHA,societe-douja-promotion-groupe-addoha-51919
LES GRANDES MARQUES ET CONSERVERIES CHERIFIENNES REUNIES,societe-les-grandes-marques-et-conserveries-cherifiennes-reunies-2956
PETROSTAR MAROC,societe-petrostar-maroc-377824
PAP-SAC MAGHREB,societe-pap-sac-maghreb-49148
ANTOLIN TANGER,societe-antolin-tanger-155731
SOCOMADIS,societe-socomadis-49153
POLYDESIGN SYSTEMS,societe-polydesign-systems-113605
SOCIETE INDUSTRIELLE OLEICOLE DE FES,societe-societe-industrielle-oleicole-de-fes-26876
COMPAGNIE MINIERE DE TOUISSIT,societe-compagnie-miniere-de-touissit-62085
FENIE BROSSETTE,societe-fenie-brossette-1753
ATLANTIC AGRO,societe-atlantic-agro-305650
LABORATOIRES AFRIC-PHAR,societe-laboratoires-afric-phar-58595
SCPC SAPEL,societe-scpc-sapel-15860
AGC AUTOMOTIVE MOROCCO,societe-agc-automotive-morocco-494532
SOCIETE DES BOISSONS GAZEUSES DU SOUSS,societe-societe-des-boissons-gazeuses-du-souss-34393
VIAS,societe-vias-234126
MARELLI MOROCCO LLC,societe-marelli-morocco-llc-759134
CUMAREX,societe-cumarex-107993
LES GRANDS CHANTIERS ROUTIERS,societe-les-grands-chantiers-routiers-13833
YOMAR,societe-yomar-53499
REALIS PROMOTION,societe-realis-promotion-356042
COLAS DU MAROC,societe-colas-du-maroc-72047
WHIRLPOOL MAROC,societe-whirlpool-maroc-76429
ENTREPRISE OULAD ZERRAD DE TRAVAUX DIVERS,societe-entreprise-oulad-zerrad-de-travaux-divers-356083
LOGISTIQUE DE DISTRIBUTION DES MEDICAMENTS,societe-logistique-de-distribution-des-medicaments-415936
SOCIETE GENERALE D'AUTOMOBILES,societe-societe-generale-d-automobiles-16148
ANSAMBLE MAROC,societe-ansamble-maroc-259787
BITUMES ET APPLICATIONS,societe-bitumes-et-applications-14020
CINDICO,societe-cindico-95561
DISTY TECHNOLOGIES,societe-disty-technologies-294244
NOKIA SOLUTIONS AND NETWORKS MOROCCO,societe-nokia-solutions-and-networks-morocco-189837
ASSKHOR,societe-asskhor-11655
FAIENCE ET CERAMIQUE DU MAGHREB,societe-faience-et-ceramique-du-maghreb-60430
MUNISYS,societe-munisys-47259
ORO-MECANICA,societe-oro-mecanica-74375
AZZURRO,societe-azzurro-119438
SOCIETE DE CIMENTS & PRODUITS METALLURGIQUES,societe-societe-de-ciments-produits-metallurgiques-57747
UNIVERSAL INDUSTRIAL STEEL,societe-universal-industrial-steel-254051
JOYSON SAFETY SYSTEMS MAROC,societe-joyson-safety-systems-maroc-272857
COMPAGNIE DE PRODUITS CHIMIQUES DU MAROC,societe-compagnie-de-produits-chimiques-du-maroc-8352
PROVIMAC,societe-provimac-87880
STE ROUANDI,societe-ste-rouandi-399064
SOCIETE DU THERMALISME MAROCAIN,societe-societe-du-thermalisme-marocain-29367
BELMA,societe-belma-124194
MERCK SHARP ET DOHME,societe-merck-sharp-et-dohme-85157
FMCG,societe-fmcg-447644
TIMAC AGRO MAROC,societe-timac-agro-maroc-106516
MERVEILLES DES MERS,societe-merveilles-des-mers-209619
MULTISAC,societe-multisac-169958
COMPAGNIE INDUSTRIELLE DES FIBRES,societe-compagnie-industrielle-des-fibres-35484
LES CABLERIES DU MAROC,societe-les-cableries-du-maroc-67244
COLGATE PALMOLIVE MAROC,societe-colgate-palmolive-maroc-66317
OSSMAN,societe-ossman-19356
COMPTOIR CASABLANCAIS DE PRODUITS METALLURGIQUES,societe-comptoir-casablancais-de-produits-metallurgiques-51627
AGENCE D'URBANISATION ET DE DEVELOPPEMENT D'ANFA,societe-agence-d-urbanisation-et-de-developpement-d-anfa-176324
ALAJADE DISTRIBUTION,societe-alajade-distribution-210497
WOLKAT MAROC,societe-wolkat-maroc-42649
SOCIETE NOUVELLE DES TRAVAUX ROUTIERS ET OUVRAGES,societe-societe-nouvelle-des-travaux-routiers-et-ouvrages-112473
PETROFAN,societe-petrofan-743323
STE NOUVELLE DES MOULINS DU MAGHREB,societe-ste-nouvelle-des-moulins-du-maghreb-60914
SOCIETE D'ETUDE ET DE REALISATIONS AUDIOVISUELLES,societe-societe-d-etude-et-de-realisations-audiovisuelles-51447
COSMOS ELECTRO,societe-cosmos-electro-229722
COSMOS ELECTRO,societe-cosmos-electro-229722
DISTRIBUTION ET INDUSTRIE PHARMACEUTIQUE POUR LE MAGHREB,societe-distribution-et-industrie-pharmaceutique-pour-le-maghreb-52028
SOCIETE NATIONALE DE RADIODIFFUSION ET DE TELEVISION,societe-societe-nationale-de-radiodiffusion-et-de-television-158239
JEESR INDUSTRIES,societe-jeesr-industries-277528
LA STE DES DIFFUSION D'APPAREILS RADIO TELEVISION INFORMATIQUE,societe-la-ste-des-diffusion-d-appareils-radio-television-informatique-32302
SCE CHEMICALS,societe-sce-chemicals-794864
SAFRAN ELECTRONICS & DEFENSE MOROCCO,societe-safran-electronics-defense-morocco-373516
AUTO HALL VEHICULES INDUSTRIELS,societe-auto-hall-vehicules-industriels-286857
MOROCCAN CONTRACTORS ASSOCIATES,societe-moroccan-contractors-associates-296404
AYAM FER,societe-ayam-fer-168708
SIKA MAROC,societe-sika-maroc-55073
REPARATITION CASABLANCAISE DE MEDICAMETNS,societe-reparatition-casablancaise-de-medicametns-106719
INDUSTRIE MAROCAINE DU CAFE,societe-industrie-marocaine-du-cafe-70233
SOCIETE INDUSTRIELLE ET COMMERCIALE POUR LE DEVELOPPEMENT AGRICOLE,societe-societe-industrielle-et-commerciale-pour-le-developpement-agricole-28485
FEDIM,societe-fedim-481948
LABORATOIRES PHARMACEUTIQUES GALENICA,societe-laboratoires-pharmaceutiques-galenica-55022
SOCIETE NOUVELLE COSARNO SA,societe-societe-nouvelle-cosarno-sa-116816
NEW WAVE SYSTEMS,societe-new-wave-systems-242220
SORMATIC,societe-sormatic-203832
WEBHELP,societe-webhelp-159427
LES GRANDES SEMOULERIES ZIN,societe-les-grandes-semouleries-zin-373139
ALF KESSAB ALMAGHREB,societe-alf-kessab-almaghreb-281581
LES GRANDS MOULINS BERDAI,societe-les-grands-moulins-berdai-101354
FLEXIMAT,societe-fleximat-50516
SOCIETE PHARMACEUTIQUE DE DISTRIBUTION DE MEDICAMENT,societe-societe-pharmaceutique-de-distribution-de-medicament-86478
GROUPE BELLAKHDAR CO,societe-groupe-bellakhdar-co-86870
AMA DETERGENT,societe-ama-detergent-173088
SOCIETE SOREPHA,societe-societe-sorepha-135375
S.S.M.T,societe-s-s-m-t-163075
KOSTAL MAROC,societe-kostal-maroc-464189
ERUM MAROC,societe-erum-maroc-132397
CHAABI LOCATION LONGUE DUREE,societe-chaabi-location-longue-duree-147286
STE MAROCAINE ET NORDIQUE DES BOIS,societe-ste-marocaine-et-nordique-des-bois-67888
INTER-CONTINENTAL D'INDUSTRIES ET D'EMBALLAGES DE GAZ,societe-inter-continental-d-industries-et-d-emballages-de-gaz-111393
EWANE ASSETS,societe-ewane-assets-217384
SOCIETE FASSIE DE FER,societe-societe-fassie-de-fer-80627
STRAPEX MAROC,societe-strapex-maroc-111027
GROUPE MECANIQUE DECOUPAGE METAL TANGER,societe-groupe-mecanique-decoupage-metal-tanger-451553
ALTRAN MAROC,societe-altran-maroc-377510
CHALLENGE DISTRIBUTION,societe-challenge-distribution-317008
ARKAS MAROC,societe-arkas-maroc-288691
SOCIETE MAROCAINE DU THE ET DU SUCRE,societe-societe-marocaine-du-the-et-du-sucre-194381
TREROC,societe-treroc-141977
SOCIETE D'IMPRESSION DE TISSUS,societe-societe-d-impression-de-tissus-60993
MED PACKAGING,societe-med-packaging-381886
DAWAJINE VIANDES,societe-dawajine-viandes-403533
ENTREPRISE EL HALLAOUI,societe-entreprise-el-hallaoui-201586
STE SOCONARJISS,societe-ste-soconarjiss-118645
BLUE INDUSTRY,societe-blue-industry-369484
SOCIETE DES TRAVAUX D'ASSAINISSEMENTS PONT ET ROUTES,societe-societe-des-travaux-d-assainissements-pont-et-routes-97774
UNIVERSITE MOHAMMED VI POLYTECHNIQUE,societe-universite-mohammed-vi-polytechnique-370018
FRESH EXPRESS,societe-fresh-express-218510
AL OMRANE CASABLANCA SETTAT,societe-al-omrane-casablanca-settat-197245
STE FASSIE DE BOIS ET MENUISERIE,societe-ste-fassie-de-bois-et-menuiserie-82617
FOODS ET GOODS,societe-foods-et-goods-46994
SITEL CRM,societe-sitel-crm-153218
BENWAY,societe-benway-141451
FICOSA INTERNATIONAL MAROC,societe-ficosa-international-maroc-502252
BESIX TGCC,societe-besix-tgcc-811790
COMPAGNIE GENERALE DE REMPLISSAGE DE GAZ,societe-compagnie-generale-de-remplissage-de-gaz-151809
LES MOULINS DE BERRECHID,societe-les-moulins-de-berrechid-28542
MOULINS CHOUROUK,societe-moulins-chourouk-266046
IGOUDAR TRAVAUX,societe-igoudar-travaux-120103
ELOPAK MOROCCO,societe-elopak-morocco-241703
MOULINS EL WAHDA,societe-moulins-el-wahda-79342
SPECIAL BATIMENT ET TRAVAUX HAJJI,societe-special-batiment-et-travaux-hajji-162016
ENTREPRISE MOUSSADAK BOUCHTA,societe-entreprise-moussadak-bouchta-235660
FILTER SYSTEMS MAROC,societe-filter-systems-maroc-511338
MAGHREB ACCESSOIRES,societe-maghreb-accessoires-69556
ACTICALL MAROC C.R.M,societe-acticall-maroc-c-r-m-250792
MODES & NUANCES,societe-modes-nuances-328487
STE DE TRAVAUX D'ADDUCTION D'EAU ET D'ASSAINISSEMENT,societe-ste-de-travaux-d-adduction-d-eau-et-d-assainissement-34161
THE BOSTON CONSULTING GROUP,societe-the-boston-consulting-group-263514
TOUTAGRI,societe-toutagri-151609
AGRI TRADE MAROC,societe-agri-trade-maroc-92848
LES GRANDES SEMOULERIES DU MAROC,societe-les-grandes-semouleries-du-maroc-58665
AGENTIS,societe-agentis-191349
IMANDY MILLS,societe-imandy-mills-399669
LES CHANTIERS MAROCAINS MODERNES,societe-les-chantiers-marocains-modernes-180716
MEDI CABLE,societe-medi-cable-113133
SOCIETE DE DISTRIBUTION AUTOMOBILE MAROCAINE,societe-societe-de-distribution-automobile-marocaine-256962
AGRIN MAROC SA,societe-agrin-maroc-sa-32428
3G COM,societe-3g-com-177591
SOCIETE NOUVELLE HADID,societe-societe-nouvelle-hadid-147191
SCANDINAVIAN AUTO MAROC,societe-scandinavian-auto-maroc-131101
COMPAGNIE SABA,societe-compagnie-saba-165736
MANI METAL,societe-mani-metal-74750
EURAFRIC INFORMATION,societe-eurafric-information-229961
JESSY DIFFUSION,societe-jessy-diffusion-53601
MULTICERAME,societe-multicerame-155066
STE PHARMACEUTIQUE DU NORD,societe-ste-pharmaceutique-du-nord-26101
MCKINSEY & COMPANY MOROCCO,societe-mckinsey-company-morocco-150253
CARRIERES ET TRANSPORT MENARA,societe-carrieres-et-transport-menara-8771
ATLAS ENERGIE,societe-atlas-energie-34419
SICOTREM,societe-sicotrem-137295
ISMAILIA GAZ,societe-ismailia-gaz-52626
ALLIANCES DARNA,societe-alliances-darna-215938
FOLLY FASHION,societe-folly-fashion-139511
MAROC BUREAU,societe-maroc-bureau-59481
AFRIQUIA LUBRIFIANTS MAROC,societe-afriquia-lubrifiants-maroc-109944
SITI. DEVELOPEMENT,societe-siti-developement-277269
MAROC REPARTITION PHARMACEUTIQUE,societe-maroc-repartition-pharmaceutique-246359
NORSUDEX,societe-norsudex-28547
FONCIERE CHELLAH,societe-fonciere-chellah-15691
CANANGA,societe-cananga-143352
GADIMAT,societe-gadimat-30815
TRAINVEST,societe-trainvest-222582
ALEQ,societe-aleq-104836
SOCIETE IMMOBILIERE PERLA,societe-societe-immobiliere-perla-46707
BUSINESS SUPPORT SERVICES MAROC,societe-business-support-services-maroc-146954
YAMENO,societe-yameno-424148
FELGAR,societe-felgar-3416
ZIZ DISTRIBUTION,societe-ziz-distribution-82350
MCIMA,societe-mcima-238373
LES FERTILISANTS DE KARIA,societe-les-fertilisants-de-karia-153474
RFM,societe-rfm-291564
ATLAS MULTISERVICES,societe-atlas-multiservices-187453
NDM FRI,societe-ndm-fri-406286
STE PROCUMAR,societe-ste-procumar-250
DENSO THERMAL SYSTEMS MOROCCO,societe-denso-thermal-systems-morocco-272203
AL OMRANE MARRAKECH-SAFI,societe-al-omrane-marrakech-safi-197756
SO FRESH AGRICOLE,societe-so-fresh-agricole-376685
BOLLORE TRANSPORT & LOGISTICS MAROC,societe-bollore-transport-logistics-maroc-55653
UNIVERS MOTORS EUROPE,societe-univers-motors-europe-183817
TRANSPORT INDUSTRIEL DU MAGHREB ET LOGISTIQUE,societe-transport-industriel-du-maghreb-et-logistique-108161
SOCIMAR,societe-socimar-70832
STERIFIL,societe-sterifil-52704
TAQA NORTH AFRICA,societe-taqa-north-africa-84278
AUTO MESKI,societe-auto-meski-287965
PRETTL AUTOMOTIVE MOROCCO,societe-prettl-automotive-morocco-749934
STE D'ETUDES ET DE TRAVAUX D'AMENAGEMENT DU TERRITOIRE,societe-ste-d-etudes-et-de-travaux-d-amenagement-du-territoire-15771
SOCIETE ANONYME DES PALMERAIES KOUTOUBIA,societe-societe-anonyme-des-palmeraies-koutoubia-43895
PANACOM,societe-panacom-70060
COMPAGNIE DE TRANSPORT AU MAROC,societe-compagnie-de-transport-au-maroc-63766
DATA BASE FACTORY MAROC,societe-data-base-factory-maroc-468818
STE BEL MEKKI HASSAN ET FILS,societe-ste-bel-mekki-hassan-et-fils-74570
POLYMEDIC,societe-polymedic-65245
COMPTOIRE AGRICOLE DES SEMENCES,societe-comptoire-agricole-des-semences-54425
GROUPEMENT DES TECHNIQUES INDUSTRIELLES ET CIVILES MAROC,societe-groupement-des-techniques-industrielles-et-civiles-maroc-99789
I M ALLIANCE,societe-i-m-alliance-92635
MASS CEREALES AL MAGHREB,societe-mass-cereales-al-maghreb-186268
STE PHARMACEUTIQUE DE LA COTE ATLANTIQUE,societe-ste-pharmaceutique-de-la-cote-atlantique-12264
ARROW ECS,societe-arrow-ecs-122541
ATLAS SERVAIR,societe-atlas-servair-189116
INTERNATIONAL METAL TRADING,societe-international-metal-trading-458774
OFFSET POLYPLAST,societe-offset-polyplast-50629
ALSTOM CABLIANCE,societe-alstom-cabliance-319783
SOCIETE PHARMACEUTIQUE DU GHARB,societe-societe-pharmaceutique-du-gharb-108846
SICPAGSS MOROCCO,societe-sicpagss-morocco-268235
PROLAINAT MAROC,societe-prolainat-maroc-101517
SERVICE REPARTITION PHARMACEUTIQUE MARRAKECH,societe-service-repartition-pharmaceutique-marrakech-250032
BEIERSDORF,societe-beiersdorf-28288
NOVEC,societe-novec-18828
NOUVELLE STE MAGIDEUTZ,societe-nouvelle-ste-magideutz-65910
SOCIETE PHARMACEUTIQUE DE CASABLANCA,societe-societe-pharmaceutique-de-casablanca-56165
SNETOR MAROC,societe-snetor-maroc-489290
STE GUARIMETAL,societe-ste-guarimetal-26159
SANTIS,societe-santis-48954
MAGHREB OXYGENE,societe-maghreb-oxygene-28553
DISTRIBUTION CASABLANCAISE DE PAPIER,societe-distribution-casablancaise-de-papier-292000
DISTRAL MAROC,societe-distral-maroc-97178
FAS AUTOMOTIVE,societe-fas-automotive-499244
WEBHELP MULTIMEDIA,societe-webhelp-multimedia-171813
ATELIER IKS,societe-atelier-iks-10856
RIZICOLE MAROCAINE (STE),societe-rizicole-marocaine-ste-65639
BITUMED,societe-bitumed-837560
MOBIL TWO,societe-mobil-two-178474
LAFARGE PLACO MAROC,societe-lafarge-placo-maroc-94615
GROUPE PSA MAROC,societe-groupe-psa-maroc-911450
AGENCE SPECIALE TANGER MEDITERRANEE,societe-agence-speciale-tanger-mediterranee-126180
COFAT MAROC,societe-cofat-maroc-819553
AFRICA MOTORS,societe-africa-motors-434008
SOCIETE DES CARBURANTS DE NADOR,societe-societe-des-carburants-de-nador-497667
TRANSPORT BIN ALWIDANE,societe-transport-bin-alwidane-351765
LES GRANDS MOULINS SAROUT LISSASFA,societe-les-grands-moulins-sarout-lissasfa-40883
BUSINESS CASABLANCA 2S,societe-business-casablanca-2s-188912
STE LABEL D'ASSEMBLAGE ET DE PRODUCTION,societe-ste-label-d-assemblage-et-de-production-85242
AMANYS PHARMA,societe-amanys-pharma-271849
ALF CHAHDA,societe-alf-chahda-312827
KAPACHIM MAROC,societe-kapachim-maroc-123544
BEJOMA,societe-bejoma-9690
STE ERICSSON MAROC,societe-ste-ericsson-maroc-80147
PNEUMATIQUE HOUARA FRERES,societe-pneumatique-houara-freres-35024
FINATECH GROUP,societe-finatech-group-195827
LES CONSERVES DE MEKNES,societe-les-conserves-de-meknes-33776
DUFRY MAROC,societe-dufry-maroc-127458
CINQ HUIT IMMO,societe-cinq-huit-immo-484448
SINEV - ALF SKHIRAT,societe-sinev-alf-skhirat-98094
OUARGHA FER,societe-ouargha-fer-236851
EXCEL PLAST,societe-excel-plast-439599
SOCIETE DES PEINTURES ARCOL,societe-societe-des-peintures-arcol-28541
LABORATOIRE PHARMACEUTIQUE IBERMA,societe-laboratoire-pharmaceutique-iberma-43046
SOCIETE DES CAFES SAHARA MAROCAIN,societe-societe-des-cafes-sahara-marocain-86894
DEEPSEA TRADING,societe-deepsea-trading-294333
TOTAL CALL,societe-total-call-158487
CHERIFIENNE D'ETUDES MINIERES,societe-cherifienne-d-etudes-minieres-8402
SOFT,societe-soft-62414
CRIT,societe-crit-134203
BGI CONSTRUCTION,societe-bgi-construction-158242
ALMA BAT,societe-alma-bat-270663
MINOTERIE DES DOUKKALA,societe-minoterie-des-doukkala-23478
SOCIETE MAROCAINE DES EMBALLAGES FANTASIA,societe-societe-marocaine-des-emballages-fantasia-96981
ISMAWOOD,societe-ismawood-77008
STE NATURE GROWERS,societe-ste-nature-growers-374096
STE NATURE GROWERS,societe-ste-nature-growers-374096
MONOTOP SERVICE,societe-monotop-service-260293
CONEDMAR,societe-conedmar-104161
MULTIGRAIN,societe-multigrain-219331
CROPENERGY MAROC,societe-cropenergy-maroc-479394
COMPLEXE ALIMENTAIRE ZINE,societe-complexe-alimentaire-zine-357370
SCHIELE MAROC,societe-schiele-maroc-41284
SCHINDLER MAROC,societe-schindler-maroc-63787
METALIMPEX,societe-metalimpex-291451
MASSILLY MAROC,societe-massilly-maroc-450013
MULTI CHEMICAL INDUSTRY,societe-multi-chemical-industry-45940
STE COMMERCIALE DE REPRESENTATION INDUSTRIELLE ET MEDICALE,societe-ste-commerciale-de-representation-industrielle-et-medicale-16423
KADIR DISTRIBUTION,societe-kadir-distribution-81479
AGRICULTURAL MATERIELS COMPANY,societe-agricultural-materiels-company-54108
HYATT NEGOCE,societe-hyatt-negoce-23148
FILMOD,societe-filmod-205871
MECOMAR,societe-mecomar-77865
DALIA FOODS,societe-dalia-foods-363568
ELECTRO SERGHINI,societe-electro-serghini-118276
INTER TRIDIM,societe-inter-tridim-25994
VINDI II,societe-vindi-ii-28106
STE INDUSTRIELLE MAROCAINE D'ENTREPRISE CHIMIQUES,societe-ste-industrielle-marocaine-d-entreprise-chimiques-50105
PERLA FOOD DISTRIBUTION,societe-perla-food-distribution-202559
DAROM IMMOBILIER,societe-darom-immobilier-478289
MICAGRICOL,societe-micagricol-150720
SERVICES LV,societe-services-lv-408194
CONSEIL INGENIERIE ET DEVELOPPEMENT,societe-conseil-ingenierie-et-developpement-14627
AUTOBUS URBAINS DE TANGER,societe-autobus-urbains-de-tanger-117352
AKZO NOBEL COATINGS,societe-akzo-nobel-coatings-3659
SOCIETE DE TRANSPORT AFRIQUE EUROPE,societe-societe-de-transport-afrique-europe-151891
BETON CHANTIER,societe-beton-chantier-153670
CENTRE PNEUMATIQUE IBN TACHFINE,societe-centre-pneumatique-ibn-tachfine-60340
ATLAS HOSPITALITY MOROCCO,societe-atlas-hospitality-morocco-86818
NP MOROCCO,societe-np-morocco-136862
BACO PROPRETE,societe-baco-proprete-352917
STE DE CEREALES ET D'ALIMENTATION DE BETAIL FALLAH,societe-ste-de-cereales-et-d-alimentation-de-betail-fallah-94348
SOPHASALE,societe-sophasale-23427
PHARCOMEDIC,societe-pharcomedic-50485
MOBYCROSS,societe-mobycross-315524
TUYAUTO,societe-tuyauto-61446
PESCAB,societe-pescab-451711
FARMALAC,societe-farmalac-77419
PHILIP MORRIS MAROC,societe-philip-morris-maroc-252679
BALTIMAR,societe-baltimar-23558
DIDALI,societe-didali-178775
ARMOR INDUSTRIES,societe-armor-industries-21012
COUVOIR RHAMNA,societe-couvoir-rhamna-282280
SOCIETE D'EMPLISSAGE DE GAZ D'OUARZAZATE,societe-societe-d-emplissage-de-gaz-d-ouarzazate-49862
SODEXO MAROC,societe-sodexo-maroc-104321
INDUTEXA,societe-indutexa-441624
AUTO ABDA,societe-auto-abda-307490
OTIS MAROC,societe-otis-maroc-59906
LABORATOIRE PHARMACEUTIQUE NOVOPHARMA,societe-laboratoire-pharmaceutique-novopharma-57483
BEST INTERIM,societe-best-interim-92914
SOCIETE INDUSTRIELLE DES PAPIERS TISSUS,societe-societe-industrielle-des-papiers-tissus-28754
SOCIETE CHERIFIENNE DE MATERIEL INDUSTRIEL ET FERROVIAIRE,societe-societe-cherifienne-de-materiel-industriel-et-ferroviaire-4182
KAYE ALUMINIUM TANGER,societe-kaye-aluminium-tanger-128252
LA STE DES TOLES ET DU BOIS,societe-la-ste-des-toles-et-du-bois-60626
SIEMENS ENERGY,societe-siemens-energy-149390
SALAD TIME,societe-salad-time-771583
RAM EXPRESS,societe-ram-express-249302
BOUDERKA,societe-bouderka-93294
SOCIETE DIFFUSION MOTOCYCLE AUTOMOBILE,societe-societe-diffusion-motocycle-automobile-67907
STE SONAJIB DE MATERIAUX DE CONSTRUCTION,societe-ste-sonajib-de-materiaux-de-construction-44922
LES GRANDES SEMOULERIES DE SAFI,societe-les-grandes-semouleries-de-safi-119292
FACOP,societe-facop-87471
MOULINS SANABIL,societe-moulins-sanabil-155649
SOPARIM - FOODS,societe-soparim-foods-183521
NESK INVESTMENT,societe-nesk-investment-124558
ELECTROLUX MAROC,societe-electrolux-maroc-748376
METEC DIAGNOSTIC,societe-metec-diagnostic-45265
ORANGE MIDDLE EAST AND AFRICA MANAGEMENT,societe-orange-middle-east-and-africa-management-816177
SOCIETE DU NEGOCE AGRICOLE,societe-societe-du-negoce-agricole-415206
ARRMAZ MOROCCO,societe-arrmaz-morocco-421667
3 C LOG SOLAR,societe-3-c-log-solar-449847
TUMAG CABLES,societe-tumag-cables-79785
EXTRUMAROC 2,societe-extrumaroc-2-247185
FROIDEL,societe-froidel-58508
FONEX ALUMINIUM,societe-fonex-aluminium-19333
IGASER,societe-igaser-121037
LA CONTINENTALE DU SERVICE,societe-la-continentale-du-service-55852
DELTA HYGIENE,societe-delta-hygiene-55988
MOROCCAN IRON STEEL,societe-moroccan-iron-steel-181210
LC BUILDING,societe-lc-building-80810
LA COMPAGNIE MINIERE DE OUMEJRANE,societe-la-compagnie-miniere-de-oumejrane-401480
AIR LIQUIDE MAROC,societe-air-liquide-maroc-66839
ENERIA MAROC,societe-eneria-maroc-750733
STE COMMERCIALE ET DE REPRESENTATION GENERALE,societe-ste-commerciale-et-de-representation-generale-61467
RICAMAROC,societe-ricamaroc-1223
DECAPRO MAROC,societe-decapro-maroc-43364
SOUKANE ATAWFIK,societe-soukane-atawfik-415480
TRADE BIO-INDUSTRIE MAROC,societe-trade-bio-industrie-maroc-97533
PROCANEQ MAROC,societe-procaneq-maroc-465620
SOCIETE DE TRAVAUX AGRICOLES INDUSTRIELS ET PUBLICS,societe-societe-de-travaux-agricoles-industriels-et-publics-206254
AL AKARIA INVEST IV,societe-al-akaria-invest-iv-452173
ALF TANSIFT,societe-alf-tansift-11852
GLOBAL DISTRIBUTION PHARMACEUTIQUE,societe-global-distribution-pharmaceutique-133816
OVERSEAS MAROC,societe-overseas-maroc-468547
WORLD PROMO,societe-world-promo-363947
PUBLIC METAL,societe-public-metal-373343
L'ORCHIDEE DU SUD,societe-l-orchidee-du-sud-294643
A6 IMMOBILIER,societe-a6-immobilier-271418
REMINEX,societe-reminex-55983
BRINK'S MAROC,societe-brink-s-maroc-100952
STE MAROCAINE DE LA PROMOTION D'INOX,societe-ste-marocaine-de-la-promotion-d-inox-62545
SOCIETE DE FABRICATION DE RESERVOIRS METALLIQUES DU NORD,societe-societe-de-fabrication-de-reservoirs-metalliques-du-nord-85366
INTERSIG MAROC,societe-intersig-maroc-89966
INTELCIA MAROC INSHORE,societe-intelcia-maroc-inshore-105345
OUMOUJANE TRAVAUX,societe-oumoujane-travaux-228958
PHARMAMEK,societe-pharmamek-350889
COOPER SOPHADET,societe-cooper-sophadet-36454
MESSEM MAROC,societe-messem-maroc-38450
LA GENERALE DES MINES ET CARRIERES,societe-la-generale-des-mines-et-carrieres-229699
MEGAFLEX,societe-megaflex-45054
SOCIETE INDUSTRIELLE D'EXPLOITATION DES ENERGIES NATURELLES,societe-societe-industrielle-d-exploitation-des-energies-naturelles-14674
ONION SYSTEMS,societe-onion-systems-760447
LES DOMAINES ZNIBER,societe-les-domaines-zniber-251001
JTI NORTH AFRICA,societe-jti-north-africa-311637
KARKACHI & FATH,societe-karkachi-fath-91230
LES DIVERS AOURACHS MAROCAINS,societe-les-divers-aourachs-marocains-354611
10 RAJEB,societe-10-rajeb-47245
SOFADEX PURATOS,societe-sofadex-puratos-55893
PLASTIPAK MAROC,societe-plastipak-maroc-101865
SOCIETE ARABE DEVELOPPEMENT DES TECHNOLOGIES DE CONSTRUCTION,societe-societe-arabe-developpement-des-technologies-de-construction-17366
A.R ART NEGOCE,societe-a-r-art-negoce-496574
TECHNOPURE MAROC,societe-technopure-maroc-88524
CMB PLASTIQUE MAROC,societe-cmb-plastique-maroc-93320
VALTECH,societe-valtech-18682
SICMACO,societe-sicmaco-83657
LOCASOM,societe-locasom-56247
SOCIETE INTERCONTINENTALE IMMOBILIERE ET INDUSTRIELLE,societe-societe-intercontinentale-immobiliere-et-industrielle-6661
PRINCE AUTO,societe-prince-auto-100319
CABOPOL MAROC,societe-cabopol-maroc-359414
ANFA REALTIES,societe-anfa-realties-188167
EMENE PREFA,societe-emene-prefa-218565
SUN PACK,societe-sun-pack-441386
STE AMGALA,societe-ste-amgala-58783
ITI MAROC DISTRIBUTION,societe-iti-maroc-distribution-507717
DYAR AL MANSOUR,societe-dyar-al-mansour-18895
MILAN FOOD,societe-milan-food-198690
INDUSTRIELLE DU TUBE ACIER,societe-industrielle-du-tube-acier-60819
CAP AGRO,societe-cap-agro-105033
EURO GRUES MAROC,societe-euro-grues-maroc-142442
OBEGI CONSUMER PRODUCTS-MAROC,societe-obegi-consumer-products-maroc-472829
FLORA MODE,societe-flora-mode-271690
RATP DEV CASABLANCA,societe-ratp-dev-casablanca-336793
ELECTRONIA,societe-electronia-244564
AMELKIS RESORTS,societe-amelkis-resorts-158520
BUSINESS CASH CENTER,societe-business-cash-center-192186
LEADER FOOD,societe-leader-food-92660
ATLANTIC SARDINE ANCHOVIES TANTAN,societe-atlantic-sardine-anchovies-tantan-119542
LE RIAD DE LA CLEMENTINE,societe-le-riad-de-la-clementine-248802
GROUPEMENT INTER PHARMACEUTIQUE MAROCAIN,societe-groupement-inter-pharmaceutique-marocain-44898
SOCIETE DES GRANDS MOULINS D'EL JADIDA,societe-societe-des-grands-moulins-d-el-jadida-21549
INSMAN BATIMENT,societe-insman-batiment-129409
PERNOD RICARD MAROC,societe-pernod-ricard-maroc-334917
SOCIETE PETROLIERE INTERNATIONALE DU NORD,societe-societe-petroliere-internationale-du-nord-126187
YM,societe-ym-92076
PANORAMA LAND,societe-panorama-land-281422
MEDICAMENTS DISTRIBUTION 5,societe-medicaments-distribution-5-186163
LES GRANDS MOULINS DE L'UNION MAGHREBINE,societe-les-grands-moulins-de-l-union-maghrebine-104157
SOLUDIA MAGHREB,societe-soludia-maghreb-83771
TRAGEM,societe-tragem-134875
STE OUGALA,societe-ste-ougala-321749
ALTEN DELIVERY CENTER MAROC,societe-alten-delivery-center-maroc-222164
SWEET BERRY,societe-sweet-berry-421196
DRAGON GAZ,societe-dragon-gaz-38224
JOULOR FRUITS,societe-joulor-fruits-910948
COMANER,societe-comaner-324027
MEETING POINT MOROCCO,societe-meeting-point-morocco-411936
NOORO III O&M,societe-nooro-iii-o-m-792423
MOULIM-EQUIPEMENT,societe-moulim-equipement-9770
PROMALAB,societe-promalab-48749
SONODEL,societe-sonodel-191463
ELECTROMECANIQUE ENERGIE,societe-electromecanique-energie-205007
AHMA,societe-ahma-399069
CENTRE INTERNATIONAL D'ONCOLOGIE DE CASABLANCA,societe-centre-international-d-oncologie-de-casablanca-796371
LES GRANDS MOULINS SOUSS DRAA,societe-les-grands-moulins-souss-draa-34660
STE ATELIERS INDUSTRIELS CHERIFIENS,societe-ste-ateliers-industriels-cherifiens-19159
ORIMEX,societe-orimex-28578
ENERGY TRANSFO,societe-energy-transfo-45525
KHAWLA AUTO,societe-khawla-auto-385603
TRAVAUX D'AMENAGEMENT ET DE CONSTRUCTION,societe-travaux-d-amenagement-et-de-construction-14723
MAISADOUR MAROC,societe-maisadour-maroc-123811
AMLAL DISTRIBUTION,societe-amlal-distribution-301457
ABB,societe-abb-56196
SOCIETE D'EXPLOITATION DES PROCEDES BOUSSIRON,societe-societe-d-exploitation-des-procedes-boussiron-64772
G4S INTEGRATED SERVICES MOROCCO,societe-g4s-integrated-services-morocco-345980
STRATEGIC,societe-strategic-141539
"SAGE AUTOMOTIVE INTERIORS, KENITRA",societe-sage-automotive-interiors-kenitra-515578
RICHE BOIS,societe-riche-bois-60459
SALBI,societe-salbi-31947
LAMACOM GROUP,societe-lamacom-group-61300
STE INTERNATIONALE D'AFFRETEMENT DE CONSIGNATION ET DE TRANSIT AL AMANA,societe-ste-internationale-d-affretement-de-consignation-et-de-transit-al-amana-62540
GILLMANN,societe-gillmann-186667
SOFT TECHNICAL TEXTILE,societe-soft-technical-textile-875348
COMPTOIR D'ECHANGES COMERCIAUX ET INDUSTRIELS,societe-comptoir-d-echanges-comerciaux-et-industriels-65568
HAMAG PROJECT&FORWARDING,societe-hamag-project-forwarding-368722
EURO AFRICAINE DES EAUX,societe-euro-africaine-des-eaux-115394
LES MOULINS DE AIN ATTIG,societe-les-moulins-de-ain-attig-12475
LAFARGE MAROC,societe-lafarge-maroc-63612
MADEC HOME PERSONAL CARE,societe-madec-home-personal-care-509069
SIEMENS,societe-siemens-1434
BRIQUETERIE BATI CHAOUIA,societe-briqueterie-bati-chaouia-93476
TABAREK,societe-tabarek-234347
FERROPLAST MAROC,societe-ferroplast-maroc-103351
MARCONT STRUCTURES,societe-marcont-structures-390645
SOMECOTRAD,societe-somecotrad-22294
INGITEL,societe-ingitel-12546
FOODIS,societe-foodis-158172
CASABLANCA TRANSPORT EN SITE AMENAGE,societe-casablanca-transport-en-site-amenage-243360
CASA TECHNIQUE,societe-casa-technique-47448
AL SHAYA MOROCCO,societe-al-shaya-morocco-152210
DISMAFORT,societe-dismafort-316691
JOUTECH,societe-joutech-159936
ALSTOM TRANSPORT MAROC,societe-alstom-transport-maroc-411083
BIG DISTRIBUTION,societe-big-distribution-137655
DREAM WHITE LILISKAN,societe-dream-white-liliskan-510550
STE LE GRAND FOYER DU SOUSS,societe-ste-le-grand-foyer-du-souss-8933
GLOBAL INFRASTRUCTURE DEVELOPMENT NORTH AFRICA,societe-global-infrastructure-development-north-africa-167094
SOMLAKO,societe-somlako-198782
JUVER MAROC,societe-juver-maroc-252404
IMMOBILIERE FI BAYTI,societe-immobiliere-fi-bayti-317257
SOCIETE MAROCAINE DE STOCKAGE,societe-societe-marocaine-de-stockage-103586
ABHAJE FRERES,societe-abhaje-freres-125995
STE POUR LA VALORISATION DES PRODUITS DE LA PECHE,societe-ste-pour-la-valorisation-des-produits-de-la-peche-76705
CHINA YANG TSE PLASTIQUE,societe-china-yang-tse-plastique-185923
MADEC WORLD FOOD,societe-madec-world-food-508633
STE AHFAD IMMOBILIERE,societe-ste-ahfad-immobiliere-109954
MANAR STAR TRADING,societe-manar-star-trading-141500
AVON BEAUTY PRODUCTS,societe-avon-beauty-products-111465
PAYMENT CENTER FOR AFRICA,societe-payment-center-for-africa-446329
AMCOR FLEXIBLES MOHAMMEDIA,societe-amcor-flexibles-mohammedia-40938
BITULIFE,societe-bitulife-168501
LOBATRAVS,societe-lobatravs-253216
BAKOM ELEC,societe-bakom-elec-160212
TOUAX MAROC,societe-touax-maroc-44158
WOODMAT,societe-woodmat-308295
STE ETUDE ET REALISATION DES IRRIGATIONS ET DES SERRES,societe-ste-etude-et-realisation-des-irrigations-et-des-serres-96579
FRULACT MAROC-PRODUITS AGRO-ALIMENTAIRES,societe-frulact-maroc-produits-agro-alimentaires-185793
THYSSENKRUPP INDUSTRIAL SOLUTIONS MAROC,societe-thyssenkrupp-industrial-solutions-maroc-377744
STE POUR LES CARRIERES ET TRAVAUX DIVERS,societe-ste-pour-les-carrieres-et-travaux-divers-9516
ABRAR SIDI OTHMAN,societe-abrar-sidi-othman-436691
WE-VIVO TELECOMMUNICATION MAROC,societe-we-vivo-telecommunication-maroc-837044
SOCIETE D'ENGRAISSEMENT DES DOUKKALA,societe-societe-d-engraissement-des-doukkala-237516
DISTRIPACK,societe-distripack-118844
MECALP MAROC,societe-mecalp-maroc-392026
RED FISH SPEEDLINES,societe-red-fish-speedlines-358549
INTERSAM,societe-intersam-241388
BP SHORE BACK OFFICE,societe-bp-shore-back-office-329103
ENTREPRISE RAHAL,societe-entreprise-rahal-25346
ELECTRO TADART,societe-electro-tadart-52919
MANZEH DIAFA,societe-manzeh-diafa-50149
GRANDE SEMOULERIE DE BOUSKOURA,societe-grande-semoulerie-de-bouskoura-848457
OUEST REPARTITION PHARMACEUTIQUE,societe-ouest-repartition-pharmaceutique-20262
SOCIETE DE MANUTENTION D'AGADIR,societe-societe-de-manutention-d-agadir-477542
MTA AUTOMOTIVE SOLUTIONS,societe-mta-automotive-solutions-498216
STE GRAPHISCRIPT,societe-ste-graphiscript-59038
CANDY HOOVER MAROC,societe-candy-hoover-maroc-293564
TECHNIQUE ACIERS,societe-technique-aciers-149493
DACHSER MOROCCO,societe-dachser-morocco-55882
ASSAKAN AL JADID,societe-assakan-al-jadid-124811
FKL,societe-fkl-342690
LATSIMA,societe-latsima-455406
WEGO,societe-wego-307460
BEACHBALBOA,societe-beachbalboa-193136
MOTORAMA,societe-motorama-67511
CRISTAL CERAME,societe-cristal-cerame-222699
ENTREPRISE BOUALI DE TRAVAUX,societe-entreprise-bouali-de-travaux-32028
KAYNA GROUP,societe-kayna-group-207926
CORAIL DEVELOPEMENT,societe-corail-developement-183044
FIRST REST INTERNATIONAL 2,societe-first-rest-international-2-303425
AEROTECHNIC INDUSTRIES,societe-aerotechnic-industries-165007
SENASTEEL,societe-senasteel-366799
CORPORATE SOFTWARE,societe-corporate-software-94657
EURO CERAMICA,societe-euro-ceramica-331825
ERAMEDIC,societe-eramedic-14148
DEVOTEAM,societe-devoteam-133723
MATYSHA MAROC,societe-matysha-maroc-228013
M.M.F ISKANE,societe-m-m-f-iskane-350258
EASYDIS,societe-easydis-181372
BISCUITERIE HENRY'S,societe-biscuiterie-henry-s-67205
T.G BERRAHAL,societe-t-g-berrahal-161187
YASMINE ANFA,societe-yasmine-anfa-343341
INETUM MAROC,societe-inetum-maroc-52918
EXCELLENCE IMMO VI,societe-excellence-immo-vi-367331
GURMA TRANSPORT,societe-gurma-transport-910839
STE NASSIM EL GHAREB,societe-ste-nassim-el-ghareb-455611
MOBILE UP,societe-mobile-up-455491
SORAYA LAND,societe-soraya-land-310660
UNITED REEFERS MAROC,societe-united-reefers-maroc-127629
LIBRAIRIE PAPETERIE DES ECOLES A.MOYNIER ET CIE,societe-librairie-papeterie-des-ecoles-a-moynier-et-cie-70594
SOCIETE DE CONSTRUCTION TERHZAZ,societe-societe-de-construction-terhzaz-81886
NATUREX MAROC,societe-naturex-maroc-99164
INDUSTRIE TEXTILE,societe-industrie-textile-61339
SALHY FER,societe-salhy-fer-100443
ATLAS COPCO MAROC,societe-atlas-copco-maroc-71686
TRADASTAR,societe-tradastar-135426
GLOBAL DIS,societe-global-dis-369690
SOUTH GRAINS AND CEREALS COMPANY,societe-south-grains-and-cereals-company-839350
SAMINERAL,societe-samineral-820729
STE ANONYME D'ENTREPRISES MINIERES,societe-ste-anonyme-d-entreprises-minieres-90046
LA CLE DES CHAMPS,societe-la-cle-des-champs-150452
OMNIUM DE CONSTRUCTION ET DE BATIMENT DU MAGHREB,societe-omnium-de-construction-et-de-batiment-du-maghreb-61498
CARREFOUR FOOD,societe-carrefour-food-168567
MAFODER FONDERIE,societe-mafoder-fonderie-58019
S.N.L. TRAVAUX,societe-s-n-l-travaux-308206
COMPAGNIE DE TRAVAUX HYDRAULIQUES DU MAGHREB,societe-compagnie-de-travaux-hydrauliques-du-maghreb-125437
ALLIANCES DEVELOPPEMENT IMMOBILIER,societe-alliances-developpement-immobilier-43787
DAMA CONSULTING,societe-dama-consulting-101878
IMANDY GRAINS,societe-imandy-grains-399695
SOCHTRAP,societe-sochtrap-103408
NOUV EAU,societe-nouv-eau-249231
CARTIER SAADA,societe-cartier-saada-96
STE MOULINS MRANIA,societe-ste-moulins-mrania-146021
BOUARGA ROUTIERE,societe-bouarga-routiere-83192
P-DIS,societe-p-dis-311569
HEXCEL COMPOSITES,societe-hexcel-composites-468910
HAMRI AGGLOS,societe-hamri-agglos-305107
PASTOR,societe-pastor-65392
ORBIS AUTOMOTIVE PREMIUM,societe-orbis-automotive-premium-795776
CIPLA MAROC,societe-cipla-maroc-438098
"FRESENIUS MEDICAL CARE NORD, OUEST ET CENTRE AFRIQUE",societe-fresenius-medical-care-nord-ouest-et-centre-afrique-61873
DATAPROTECT,societe-dataprotect-262324
SIALCO,societe-sialco-33914
PREMIUM CONTROL AND SERVICES,societe-premium-control-and-services-239567
AXIAL FACILITIES,societe-axial-facilities-320180
STE ONCORAD,societe-ste-oncorad-94095
AZELIS MOROCCO,societe-azelis-morocco-443355
VETCO AIT MELLOUL,societe-vetco-ait-melloul-162923
VETCAM GRANULAT,societe-vetcam-granulat-938881
MINOTERIES HOUCINE LAHBABI,societe-minoteries-houcine-lahbabi-458809
OMNIUM AGRICOLE DU SOUSS,societe-omnium-agricole-du-souss-32883
JESA BUILDINGS AND INFRASTRUCTURE,societe-jesa-buildings-and-infrastructure-10544
RESOLUTION CALL,societe-resolution-call-272159
LONGOMETAL AFRIQUE,societe-longometal-afrique-74525
GESTION DELEGUE DU MONOPOLE DE COMMERCE D'ETHANOL,societe-gestion-delegue-du-monopole-de-commerce-d-ethanol-255787
SBN IMMO,societe-sbn-immo-206034
FORGES DE BAZAS,societe-forges-de-bazas-266
CASUAL PANT,societe-casual-pant-199433
COMPAGNIE SOUSSIA DE NOUTRITION ANIMALE,societe-compagnie-soussia-de-noutrition-animale-80747
SOKETRADOZ,societe-soketradoz-10581
SOCIETE PHARMACEUTIQUE SAIS,societe-societe-pharmaceutique-sais-366524
MAROCAIN DE MOTAGE DE AUTOMOBIL ET D'INDUSTRAI,societe-marocain-de-motage-de-automobil-et-d-industrai-42892
LES GRANDS MOULINS DE TIZNIT,societe-les-grands-moulins-de-tiznit-158
ECH HARIKA ET TIJARIA WA EZ ZIRAIA,societe-ech-harika-et-tijaria-wa-ez-ziraia-30874
SUMILON ECO PET,societe-sumilon-eco-pet-376634
RELATS MAROC,societe-relats-maroc-312768
LOCAFINANCE,societe-locafinance-77713
PRODAFIL,societe-prodafil-871128
CORAIL L'OCEAN,societe-corail-l-ocean-101778
MINOTERIE AIT MELLOUL,societe-minoterie-ait-melloul-30200
AROMA HERBS,societe-aroma-herbs-402921
LES MOULINS AL MADINA,societe-les-moulins-al-madina-263667
GHOLAMI INTERNATIONAL BOIS,societe-gholami-international-bois-148793
EGCA,societe-egca-161668
KOMAX MAROC,societe-komax-maroc-111473
BOLDING DISTRIBUTION,societe-bolding-distribution-448731
MENALCO FOOD OF MOROCCO,societe-menalco-food-of-morocco-92515
STE MAROCAINE GILMARFER,societe-ste-marocaine-gilmarfer-60599
AL & BZ IMMOBILIER,societe-al-bz-immobilier-848399
BAREA,societe-barea-393650
MARS MOROCCO,societe-mars-morocco-106909
PHYTO SIDID,societe-phyto-sidid-115156
SOCIETE DE PRODUITS METALLURGIQUE ABLAD,societe-societe-de-produits-metallurgique-ablad-360377
CAPITAL DISTRIBUTION,societe-capital-distribution-856317
VALORIS MANAGEMENT,societe-valoris-management-98162
SALA AUTO SERVICES,societe-sala-auto-services-516134
INTELPRO,societe-intelpro-846947
SOCIETE INDUSTRIE MOGADOR,societe-societe-industrie-mogador-427490
PO LIGHTING MOROCCO,societe-po-lighting-morocco-730723
LES CRISTAUX,societe-les-cristaux-115620
TRANSDINE,societe-transdine-127651
IBM APPLICATIONS & TECHNOLOGIES,societe-ibm-applications-technologies-139013
RABAT METAL,societe-rabat-metal-15539
COLAS EMULSIONS,societe-colas-emulsions-63773
CASANET,societe-casanet-77144
FOURNITURE POUR L'INDUSTRIE ET L'AUTOMOBILE MAGHREBINE,societe-fourniture-pour-l-industrie-et-l-automobile-maghrebine-48905
BMCE CAPITAL,societe-bmce-capital-93827
SOCIETE DE PRODUCTIONS BIOLOGIQUES ET PHARMACEUTIQUES,societe-societe-de-productions-biologiques-et-pharmaceutiques-14470
ATLAS PHARM,societe-atlas-pharm-301937
WEIR MINERALS NORTH AFICA,societe-weir-minerals-north-afica-90059
UNIVERS SYSTEME AUTO,societe-univers-systeme-auto-187368
AL MADINA FER,societe-al-madina-fer-769692
IRRI-SYS,societe-irri-sys-94443
ZGOUNDER MILLENIUM SILVER MINING,societe-zgounder-millenium-silver-mining-384038
SOCIETE D'AMENAGEMENT ZENATA,societe-societe-d-amenagement-zenata-186574
SODILUB,societe-sodilub-398964
OMYA,societe-omya-112538
GLOBE NETTOYAGE,societe-globe-nettoyage-95984
SAFARI IMPORT EXPORT,societe-safari-import-export-17184
WINNER DISTRIBUTORS,societe-winner-distributors-460567
KUEHNE & NAGEL,societe-kuehne-nagel-324627
EUROLOGISTIQUE,societe-eurologistique-302842
EUROLOGISTIQUE,societe-eurologistique-302842
SOCIETE D'AUTOMATISME DE FOURNITURE D'APPAREILLAGE D'ETUDE ET DEREALISATION ELECTRIQUE,societe-societe-d-automatisme-de-fourniture-d-appareillage-d-etude-et-derealisation-electrique-92888
SOCIEDAD DE TRANSPORTE DE GAZ Y MERCANCIA,societe-sociedad-de-transporte-de-gaz-y-mercancia-79652
NUOVA ONDAMAR,societe-nuova-ondamar-141152
STE MAGHREBINE DES POLYMERES,societe-ste-maghrebine-des-polymeres-83959
CERATUBE,societe-ceratube-77844
HORMIGONES DOMINGO GIMENEZ MAROC,societe-hormigones-domingo-gimenez-maroc-193150
DILA INVEST,societe-dila-invest-514219
GROUPE ABROUN-VISION NORD,societe-groupe-abroun-vision-nord-87907
INTERNATIONAL CANNING COMPANY,societe-international-canning-company-214747
H-TECH,societe-h-tech-13537
BUROPA,societe-buropa-54238
HELICONIA AERO SOLUTIONS,societe-heliconia-aero-solutions-107029
ENTREPRISE MOHCINE,societe-entreprise-mohcine-52604
BAB EL KEBIR,societe-bab-el-kebir-739943
IMCD MAROC,societe-imcd-maroc-93162
ORIENTIS INVEST,societe-orientis-invest-159099
SOUFIANE FOODS,societe-soufiane-foods-783314
THALVIN,societe-thalvin-63209
SAFRAN ENGINEERING SERVICES MAROC,societe-safran-engineering-services-maroc-158921
UNION DES PECHERIES AFRICAINES,societe-union-des-pecheries-africaines-9364
BUREAU MAGHREBIEN DE PRODUITS PHARMACEUTIQUES,societe-bureau-maghrebien-de-produits-pharmaceutiques-41451
PLUS INTERIM,societe-plus-interim-275009
THERMO ENERGIE,societe-thermo-energie-11305
AGMA,societe-agma-61945
AGMA,societe-agma-61945
MENAGEST,societe-menagest-240510
LAITPLUS,societe-laitplus-212829
ETABLISSEMENT BEN CHAIB,societe-etablissement-ben-chaib-60455
ASMAMA,societe-asmama-84537
COMPTOIR PIECES MOTEURS ET ACCESSOIRES,societe-comptoir-pieces-moteurs-et-accessoires-63163
CHOROUQ GENIE CARRIERES,societe-chorouq-genie-carrieres-305278
FORTRADE,societe-fortrade-70261
LAMATEM,societe-lamatem-725415
STE MAGHREBINE DU SUD FLEUR GAZ,societe-ste-maghrebine-du-sud-fleur-gaz-28270
FINANCECOM,societe-financecom-61602
ENTREPRISE BOUYACHTAT,societe-entreprise-bouyachtat-82572
STE AMINE DE TRANSFORMATION DE PRODUITS AGRICOLES,societe-ste-amine-de-transformation-de-produits-agricoles-26353
STE STAR DE NEGOCE ET DE DISTRIBUTION,societe-ste-star-de-negoce-et-de-distribution-50802
KSG GROUP,societe-ksg-group-49052
TOP NEGOCE,societe-top-negoce-53627
PNEUMATIQUE ROCAMORA,societe-pneumatique-rocamora-48212
STE MAROCAINE DE DISTRIBUTION ET DE TRANSPORT DES MARCHANDISES ET DES MESSAGERIES,societe-ste-marocaine-de-distribution-et-de-transport-des-marchandises-et-des-messageries-78164
LEXINTA-SERVICE,societe-lexinta-service-333909
MAGDIL,societe-magdil-325580
CAMPEZO,societe-campezo-377997
ALSA CITY AGADIR,societe-alsa-city-agadir-271076
UNIVERS MOTORS DISTRIBUTION,societe-univers-motors-distribution-93081
WB MEDIA,societe-wb-media-327947
ENTREPRISE CHERRARDA DE CONSTRUCTION,societe-entreprise-cherrarda-de-construction-22621
STE CONSTRUCTION ET TRAVAUX ROUTIERS,societe-ste-construction-et-travaux-routiers-94167
SAINT GOBAIN ABRASIFS,societe-saint-gobain-abrasifs-98122
ATLANTIC DREDGING MAROC,societe-atlantic-dredging-maroc-273933
LAFARGE CIMENTS SAHARA,societe-lafarge-ciments-sahara-476920
FANDI PREFA,societe-fandi-prefa-315410
ALF SEBOU,societe-alf-sebou-434950
L'ASSIETTE NORDIQUE,societe-l-assiette-nordique-260647
DELFINGEN MA-TANGER,societe-delfingen-ma-tanger-137923
PHARMAVET MAROC,societe-pharmavet-maroc-316326
TIKIDA DUNES,societe-tikida-dunes-32550
IMMOLOG,societe-immolog-165795
KLAAS PUUL MAROC,societe-klaas-puul-maroc-265012
DRIMANE PECHE,societe-drimane-peche-404313
TRAVAUX LOTFALLAH,societe-travaux-lotfallah-171953
ATTAGHLIF,societe-attaghlif-25746
ORCHESTRA MAROC,societe-orchestra-maroc-359732
SMT EQUIPEMENT MAROC,societe-smt-equipement-maroc-465476
LA MAROCAINE D'ELECTRONIQUE ET DE TRANSACTION COMMERCIALE,societe-la-marocaine-d-electronique-et-de-transaction-commerciale-26340
WEBHELP AGADIR,societe-webhelp-agadir-490109
MAWARID MAROCAINE,societe-mawarid-marocaine-48976
MICROSOFT MAROC,societe-microsoft-maroc-40819
CROUZET,societe-crouzet-77009
SULIMET CABLAGE,societe-sulimet-cablage-783281
SOCIETE FINANCIERE DU SOUSS,societe-societe-financiere-du-souss-30347
TOURELEC,societe-tourelec-72789
PETRO BIG,societe-petro-big-472400
ATHENA SURVEILLANCE,societe-athena-surveillance-225339
TRANS GHARB LOUKKOUS,societe-trans-gharb-loukkous-302758
SOCIETE DE VINIFICATION ET DE COMMERCIALISATION DU MAROC,societe-societe-de-vinification-et-de-commercialisation-du-maroc-102472
M.R.RENOUVO,societe-m-r-renouvo-4286
STE DOMAINE AGRICOLE SIRWA,societe-ste-domaine-agricole-sirwa-159417
COMPAGNIE MAROCAINE INDUSTRIELLE ET COMMERCIALE,societe-compagnie-marocaine-industrielle-et-commerciale-59492
MIKAFRIC,societe-mikafric-67207
UPLINE CAPITAL MANAGEMENT,societe-upline-capital-management-101676
AVICOLE SLAOUI MEHDI,societe-avicole-slaoui-mehdi-381739
MAZARS AUDIT ET CONSEIL,societe-mazars-audit-et-conseil-92060
UNI MAGRI,societe-uni-magri-220630
ARRIBAT CENTER,societe-arribat-center-209527
KLARIDISS,societe-klaridiss-211556
SAADIS FOODS,societe-saadis-foods-388438
LOCAMED SERVICE,societe-locamed-service-11549
GENERAL MANUFACTURING EV,societe-general-manufacturing-ev-251127
PROMA INDUSTRIE,societe-proma-industrie-753311
TANGEROISE INDUSTRIELLE DE LINGERIE ET DE CONFECTION,societe-tangeroise-industrielle-de-lingerie-et-de-confection-37519
LES JARDINS DE SEBOU,societe-les-jardins-de-sebou-214371
VRAI DELICE,societe-vrai-delice-94778
PAO DEVELOPPEMENT,societe-pao-developpement-290227
UNIVERS PRIMEURS,societe-univers-primeurs-491705
BERICOLOR,societe-bericolor-47888
AUTO PRIVILEGE,societe-auto-privilege-164165
BENLARBI FER,societe-benlarbi-fer-177510
MOUSSAFIR HOTELS,societe-moussafir-hotels-151463
BEACHCOMBER HOTEL,societe-beachcomber-hotel-240680
STE D'APPLICATIONS MENAGERES ET AGRICOLES DE LA CHIMIE INDUSTRIELLES AU MAROC,societe-ste-d-applications-menageres-et-agricoles-de-la-chimie-industrielles-au-maroc-66039
IMPERIAL PNEU,societe-imperial-pneu-87667
ENTREPRISE SEFIANI,societe-entreprise-sefiani-143218
LMF DISTRIBUTION,societe-lmf-distribution-386018
DDM,societe-ddm-105478
PLATFORM AND DESIGN,societe-platform-and-design-466720
IBERRY MARKETING,societe-iberry-marketing-455036
